{
    "model_name": "recce",
    "test_dataset": "FRAll_cdf",
    "train_dataset": "train_on_df40-fr-ff",
    "frames_per_video_test": 32,
    "clip_size": null,
    "elapsed_time": 1408.7887942790985,
    "frame_auc": 0.8749378154129495,
    "video_auc": 0.8909378479603198,
    "frame_auc_pr": 0.9585079464305207,
    "video_auc_pr": 0.996880492407473
}