{
    "model_name": "spsl",
    "test_dataset": "ConfDF_norm_v2_all",
    "train_dataset": "train_on_df40-fs-ff",
    "frames_per_video_test": 32,
    "clip_size": null,
    "elapsed_time": 6.555745363235474,
    "frame_auc": 0.8293210676197563,
    "video_auc": 0.8616780045351474,
    "frame_auc_pr": 0.8492220608839894,
    "video_auc_pr": 0.877842006632106
}