{
    "model_name": "recce",
    "test_dataset": "FSAll_cdf",
    "train_dataset": "train_on_df40-fr-ff",
    "frames_per_video_test": 32,
    "clip_size": null,
    "elapsed_time": 968.248449087143,
    "frame_auc": 0.4461140943484956,
    "video_auc": 0.45368624667721835,
    "frame_auc_pr": 0.7225046059645824,
    "video_auc_pr": 0.9602636239006715
}