{
    "model_name": "f3net",
    "test_dataset": "ConfDF_norm_v2_th-m",
    "train_dataset": "train_on_ff-orig",
    "frames_per_video_test": 32,
    "clip_size": null,
    "elapsed_time": 2.463573694229126,
    "frame_auc": 0.91173828125,
    "video_auc": 0.9299999999999999,
    "frame_auc_pr": 0.9030914822621414,
    "video_auc_pr": 0.9290262515262514
}