{
    "model_name": "i3d",
    "test_dataset": "FRAll_cdf",
    "train_dataset": "train_on_df40-fr-ff",
    "frames_per_video_test": 32,
    "clip_size": 32,
    "elapsed_time": 344.5361783504486,
    "frame_auc": 0.9633917999263915,
    "video_auc": 0.9693563746540357,
    "frame_auc_pr": 0.9856504851262549,
    "video_auc_pr": 0.987927093348451
}