{
    "model_name": "clip_large",
    "test_dataset": "FRAll_cdf",
    "train_dataset": "train_on_df40-fr-ff",
    "frames_per_video_test": 8,
    "clip_size": null,
    "elapsed_time": 1413.9140768051147,
    "frame_auc": 0.9240979335317968,
    "video_auc": 0.950372001214698,
    "frame_auc_pr": 0.9746672491896529,
    "video_auc_pr": 0.9986355199106716
}