{
    "model_name": "xception",
    "test_dataset": "FRAll_cdf",
    "train_dataset": "train_on_df40-fs-ff",
    "frames_per_video_test": 32,
    "clip_size": null,
    "elapsed_time": 652.7358441352844,
    "frame_auc": 0.6568433967586348,
    "video_auc": 0.6823463913351554,
    "frame_auc_pr": 0.8686678837056216,
    "video_auc_pr": 0.9896877921461463
}