{
    "model_name": "xception",
    "test_dataset": "FSAll_cdf",
    "train_dataset": "train_on_ff-orig",
    "frames_per_video_test": 32,
    "clip_size": null,
    "elapsed_time": 453.1507337093353,
    "frame_auc": 0.6647175177714193,
    "video_auc": 0.6977961330549562,
    "frame_auc_pr": 0.8725168741403837,
    "video_auc_pr": 0.9859661729147562
}