{
    "model_name": "i3d",
    "test_dataset": "FSAll_cdf",
    "train_dataset": "train_on_df40-fr-ff",
    "frames_per_video_test": 32,
    "clip_size": 32,
    "elapsed_time": 252.13926315307617,
    "frame_auc": 0.6306995220483477,
    "video_auc": 0.6321834059318614,
    "frame_auc_pr": 0.846598525759953,
    "video_auc_pr": 0.8459719711555171
}