{
    "model_name": "ucf",
    "test_dataset": "ConfDF_norm_v2_all",
    "train_dataset": "train_on_ff-orig",
    "frames_per_video_test": 32,
    "clip_size": null,
    "elapsed_time": 11.138807773590088,
    "frame_auc": 0.9643161626629819,
    "video_auc": 0.9781746031746033,
    "frame_auc_pr": 0.9660596003207138,
    "video_auc_pr": 0.9786828553792203
}