{
    "model_name": "xception",
    "test_dataset": "ConfDF_norm_v2_th-ob",
    "train_dataset": "train_on_ff-orig",
    "frames_per_video_test": 32,
    "clip_size": null,
    "elapsed_time": 1.8976688385009766,
    "frame_auc": 0.928935546875,
    "video_auc": 0.9299999999999999,
    "frame_auc_pr": 0.9412166178467929,
    "video_auc_pr": 0.9464285714285713
}