{
    "model_name": "xception",
    "test_dataset": "FRAll_cdf",
    "train_dataset": "train_on_df40-fr-ff",
    "frames_per_video_test": 32,
    "clip_size": null,
    "elapsed_time": 651.9303152561188,
    "frame_auc": 0.844539182297323,
    "video_auc": 0.9043902650644224,
    "frame_auc_pr": 0.937311377365244,
    "video_auc_pr": 0.997269769141682
}