{
    "model_name": "core",
    "test_dataset": "ConfDF_norm_v2_th-ob",
    "train_dataset": "train_on_ff-orig",
    "frames_per_video_test": 32,
    "clip_size": null,
    "elapsed_time": 2.331566572189331,
    "frame_auc": 0.942578125,
    "video_auc": 0.9500000000000001,
    "frame_auc_pr": 0.952639668377063,
    "video_auc_pr": 0.9614285714285714
}