{
    "model_name": "recce",
    "test_dataset": "FSAll_cdf",
    "train_dataset": "train_on_ff-orig",
    "frames_per_video_test": 32,
    "clip_size": null,
    "elapsed_time": 959.352401971817,
    "frame_auc": 0.7116123009074325,
    "video_auc": 0.7533978912718334,
    "frame_auc_pr": 0.8878742337990013,
    "video_auc_pr": 0.9888393540788304
}