{
    "model_name": "clip_base",
    "test_dataset": "EFSAll_cdf",
    "train_dataset": "train_on_df40-all-ff",
    "frames_per_video_test": 32,
    "clip_size": null,
    "elapsed_time": 1384.6045982837677,
    "frame_auc": 0.8425661731226631,
    "video_auc": 0.7150201650497333,
    "frame_auc_pr": 0.9603553351332204,
    "video_auc_pr": 0.9901186022174333
}