{
    "model_name": "clip_base",
    "test_dataset": "ConfDF_norm_v2_th-ob",
    "train_dataset": "train_on_df40-fs-ff",
    "frames_per_video_test": 32,
    "clip_size": null,
    "elapsed_time": 3.547131061553955,
    "frame_auc": 0.951298828125,
    "video_auc": 0.9700000000000001,
    "frame_auc_pr": 0.9573281846328625,
    "video_auc_pr": 0.9733333333333333
}