{
    "model_name": "rfm",
    "test_dataset": "FSAll_cdf",
    "train_dataset": "train_on_df40-fr-ff",
    "frames_per_video_test": 32,
    "clip_size": null,
    "elapsed_time": 452.92358016967773,
    "frame_auc": 0.48695487369581403,
    "video_auc": 0.5020339451678427,
    "frame_auc_pr": 0.7382238143516808,
    "video_auc_pr": 0.9625874539480794
}