{
    "model_name": "clip_base",
    "test_dataset": "ConfDF_norm_v2_all",
    "train_dataset": "train_on_df40-fr-ff",
    "frames_per_video_test": 32,
    "clip_size": null,
    "elapsed_time": 12.178680896759033,
    "frame_auc": 0.767556534332483,
    "video_auc": 0.7922335600907029,
    "frame_auc_pr": 0.7394290461146236,
    "video_auc_pr": 0.7537960251834697
}