{
    "model_name": "core",
    "test_dataset": "FRAll_cdf",
    "train_dataset": "train_on_ff-orig",
    "frames_per_video_test": 32,
    "clip_size": null,
    "elapsed_time": 662.0778255462646,
    "frame_auc": 0.6410653891103955,
    "video_auc": 0.6793566439633856,
    "frame_auc_pr": 0.853705537827477,
    "video_auc_pr": 0.9884333457215406
}