{
    "model_name": "recce",
    "test_dataset": "ConfDF_norm_v2_th",
    "train_dataset": "train_on_df40-fs-ff",
    "frames_per_video_test": 32,
    "clip_size": null,
    "elapsed_time": 3.7404677867889404,
    "frame_auc": 0.7318749999999998,
    "video_auc": 0.7900000000000001,
    "frame_auc_pr": 0.7801227187731695,
    "video_auc_pr": 0.8164699627857522
}