{
    "model_name": "recce",
    "test_dataset": "ConfDF_norm_v2_all",
    "train_dataset": "train_on_df40-fs-ff",
    "frames_per_video_test": 32,
    "clip_size": null,
    "elapsed_time": 12.920764207839966,
    "frame_auc": 0.8018898477359695,
    "video_auc": 0.8339002267573696,
    "frame_auc_pr": 0.82541173479475,
    "video_auc_pr": 0.8554162643396669
}