{
    "model_name": "xception",
    "test_dataset": "ConfDF_norm_v2_th-bb",
    "train_dataset": "train_on_df40-fs-ff",
    "frames_per_video_test": 32,
    "clip_size": null,
    "elapsed_time": 2.15299391746521,
    "frame_auc": 0.8775227864583334,
    "video_auc": 0.9097222222222222,
    "frame_auc_pr": 0.8836948524485765,
    "video_auc_pr": 0.940625
}