{
    "model_name": "clip_base",
    "test_dataset": "FSAll_cdf",
    "train_dataset": "train_on_df40-all-ff",
    "frames_per_video_test": 32,
    "clip_size": null,
    "elapsed_time": 907.7040207386017,
    "frame_auc": 0.9151278536373706,
    "video_auc": 0.9388227174857238,
    "frame_auc_pr": 0.9714079297257229,
    "video_auc_pr": 0.9975910355239734
}