{
    "model_name": "capsule_net",
    "test_dataset": "ConfDF_norm_v2_th-bb",
    "train_dataset": "train_on_ff-orig",
    "frames_per_video_test": 32,
    "clip_size": null,
    "elapsed_time": 3.2532429695129395,
    "frame_auc": 0.8358188205295138,
    "video_auc": 0.8333333333333334,
    "frame_auc_pr": 0.8572674589751299,
    "video_auc_pr": 0.8636437908496732
}