{
    "model_name": "srm",
    "test_dataset": "ConfDF_norm_v2_th",
    "train_dataset": "train_on_ff-orig",
    "frames_per_video_test": 32,
    "clip_size": null,
    "elapsed_time": 4.304492235183716,
    "frame_auc": 0.948896484375,
    "video_auc": 0.9500000000000001,
    "frame_auc_pr": 0.954152313844957,
    "video_auc_pr": 0.9540404040404039
}