{
    "model_name": "rfm",
    "test_dataset": "FSAll_cdf",
    "train_dataset": "train_on_df40-fs-ff",
    "frames_per_video_test": 32,
    "clip_size": null,
    "elapsed_time": 453.48980832099915,
    "frame_auc": 0.939062666516211,
    "video_auc": 0.9674253095275935,
    "frame_auc_pr": 0.9760806596776069,
    "video_auc_pr": 0.9987954704617158
}