{
    "model_name": "core",
    "test_dataset": "FSAll_cdf",
    "train_dataset": "train_on_ff-orig",
    "frames_per_video_test": 32,
    "clip_size": null,
    "elapsed_time": 451.57166266441345,
    "frame_auc": 0.6518931143415925,
    "video_auc": 0.67846576201372,
    "frame_auc_pr": 0.8656903011419683,
    "video_auc_pr": 0.9847134593142012
}