{
    "model_name": "i3d",
    "test_dataset": "FSAll_cdf",
    "train_dataset": "train_on_df40-fs-ff",
    "frames_per_video_test": 32,
    "clip_size": 32,
    "elapsed_time": 252.50559163093567,
    "frame_auc": 0.9672311034985586,
    "video_auc": 0.9719382766898399,
    "frame_auc_pr": 0.9897366669007991,
    "video_auc_pr": 0.9912525969936818
}