{
    "model_name": "xception",
    "test_dataset": "FRAll_cdf",
    "train_dataset": "train_on_ff-orig",
    "frames_per_video_test": 32,
    "clip_size": null,
    "elapsed_time": 651.9200501441956,
    "frame_auc": 0.6484046948220078,
    "video_auc": 0.6938520382340607,
    "frame_auc_pr": 0.8581556184611563,
    "video_auc_pr": 0.9895967823995928
}