{
    "model_name": "srm",
    "test_dataset": "FSAll_cdf",
    "train_dataset": "train_on_ff-orig",
    "frames_per_video_test": 32,
    "clip_size": null,
    "elapsed_time": 1098.2380249500275,
    "frame_auc": 0.688100378988507,
    "video_auc": 0.740919907081852,
    "frame_auc_pr": 0.8755193617980527,
    "video_auc_pr": 0.9882133094423713
}