{
    "model_name": "recce",
    "test_dataset": "FRAll_cdf",
    "train_dataset": "train_on_ff-orig",
    "frames_per_video_test": 32,
    "clip_size": null,
    "elapsed_time": 1386.8049824237823,
    "frame_auc": 0.6710194451268663,
    "video_auc": 0.7100631932092607,
    "frame_auc_pr": 0.8738360468316847,
    "video_auc_pr": 0.9905501526949319
}