{
    "model_name": "xception",
    "test_dataset": "ConfDF_norm_v2_all",
    "train_dataset": "train_on_df40-fr-ff",
    "frames_per_video_test": 32,
    "clip_size": null,
    "elapsed_time": 6.252405643463135,
    "frame_auc": 0.6630541051055839,
    "video_auc": 0.6913265306122449,
    "frame_auc_pr": 0.6100473671117522,
    "video_auc_pr": 0.6418860973542285
}