{
    "model_name": "i3d",
    "test_dataset": "ConfDF_norm_v2_th-bb",
    "train_dataset": "train_on_df40-all-ff",
    "frames_per_video_test": 32,
    "clip_size": 32,
    "elapsed_time": 2.210122585296631,
    "frame_auc": 0.6017661179698217,
    "video_auc": 0.6111111111111112,
    "frame_auc_pr": 0.5682203766455647,
    "video_auc_pr": 0.6061426590838355
}