{
    "model_name": "i3d",
    "test_dataset": "ConfDF_norm_v2_th-bb",
    "train_dataset": "train_on_df40-all-ff",
    "frames_per_video_test": 32,
    "clip_size": 16,
    "elapsed_time": 2.0193088054656982,
    "frame_auc": 0.6371527777777778,
    "video_auc": 0.6371527777777778,
    "frame_auc_pr": 0.6110495199471887,
    "video_auc_pr": 0.6110495199471887
}