{
    "model_name": "clip_large",
    "test_dataset": "FSAll_cdf",
    "train_dataset": "train_on_df40-fr-ff",
    "frames_per_video_test": 8,
    "clip_size": null,
    "elapsed_time": 964.1279790401459,
    "frame_auc": 0.7207719058159096,
    "video_auc": 0.7447575702818677,
    "frame_auc_pr": 0.87999069639929,
    "video_auc_pr": 0.9865877106910118
}