{
    "model_name": "f3net",
    "test_dataset": "FRAll_cdf",
    "train_dataset": "train_on_ff-orig",
    "frames_per_video_test": 32,
    "clip_size": null,
    "elapsed_time": 704.157445192337,
    "frame_auc": 0.6495334231155137,
    "video_auc": 0.6728695790493544,
    "frame_auc_pr": 0.859106397892997,
    "video_auc_pr": 0.9885649130265777
}