{
    "model_name": "meso4incep",
    "test_dataset": "FRAll_cdf",
    "train_dataset": "train_on_ff-orig",
    "frames_per_video_test": 32,
    "clip_size": null,
    "elapsed_time": 209.35096669197083,
    "frame_auc": 0.6446707484608712,
    "video_auc": 0.6905998293638743,
    "frame_auc_pr": 0.84912676152043,
    "video_auc_pr": 0.9883871879060643
}