{
    "model_name": "xception",
    "test_dataset": "FSAll_cdf",
    "train_dataset": "train_on_df40-fr-ff",
    "frames_per_video_test": 32,
    "clip_size": null,
    "elapsed_time": 454.1190392971039,
    "frame_auc": 0.47539168429616885,
    "video_auc": 0.5020241482684524,
    "frame_auc_pr": 0.7347931971320896,
    "video_auc_pr": 0.9654473934839912
}