{
    "model_name": "capsule_net",
    "test_dataset": "FRAll_cdf",
    "train_dataset": "train_on_ff-orig",
    "frames_per_video_test": 32,
    "clip_size": null,
    "elapsed_time": 939.8678467273712,
    "frame_auc": 0.6948549961431261,
    "video_auc": 0.7392202796697178,
    "frame_auc_pr": 0.8815325267263276,
    "video_auc_pr": 0.9918861283939566
}