{
    "model_name": "xception",
    "test_dataset": "ConfDF_norm_v2_all",
    "train_dataset": "train_on_df40-all-ff",
    "frames_per_video_test": 32,
    "clip_size": null,
    "elapsed_time": 6.294227123260498,
    "frame_auc": 0.8028055134814341,
    "video_auc": 0.7967687074829931,
    "frame_auc_pr": 0.8033755556677954,
    "video_auc_pr": 0.8040656315024522
}