{
    "model_name": "srm",
    "test_dataset": "FSAll_cdf",
    "train_dataset": "train_on_df40-fs-ff",
    "frames_per_video_test": 32,
    "clip_size": null,
    "elapsed_time": 1096.935026884079,
    "frame_auc": 0.9192973824200266,
    "video_auc": 0.9557517596319849,
    "frame_auc_pr": 0.9711701799582795,
    "video_auc_pr": 0.9981848619542746
}