{
    "model_name": "meso4",
    "test_dataset": "FSAll_cdf",
    "train_dataset": "train_on_ff-orig",
    "frames_per_video_test": 32,
    "clip_size": null,
    "elapsed_time": 119.6864640712738,
    "frame_auc": 0.5256399410566093,
    "video_auc": 0.5258240825203722,
    "frame_auc_pr": 0.784676706759977,
    "video_auc_pr": 0.970686238569456
}