{
    "model_name": "clip_base",
    "test_dataset": "ConfDF_norm_v2_th-ob",
    "train_dataset": "train_on_df40-fr-ff",
    "frames_per_video_test": 32,
    "clip_size": null,
    "elapsed_time": 3.558091878890991,
    "frame_auc": 0.8863867187500001,
    "video_auc": 0.9199999999999999,
    "frame_auc_pr": 0.8981807775447043,
    "video_auc_pr": 0.9262412587412586
}