{
    "model_name": "clip_base",
    "test_dataset": "ConfDF_norm_v2_all",
    "train_dataset": "train_on_df40-all-ff",
    "frames_per_video_test": 32,
    "clip_size": null,
    "elapsed_time": 12.107440710067749,
    "frame_auc": 0.9132891112174036,
    "video_auc": 0.9277210884353742,
    "frame_auc_pr": 0.9140793638455594,
    "video_auc_pr": 0.9252085699843745
}