{
    "model_name": "rfm",
    "test_dataset": "FRAll_cdf",
    "train_dataset": "train_on_df40-fr-ff",
    "frames_per_video_test": 32,
    "clip_size": null,
    "elapsed_time": 666.0061619281769,
    "frame_auc": 0.875322349993964,
    "video_auc": 0.8958790652610877,
    "frame_auc_pr": 0.9546101586397656,
    "video_auc_pr": 0.9969978393667593
}