{
    "model_name": "recce",
    "test_dataset": "ConfDF_norm_v2_all",
    "train_dataset": "train_on_ff-orig",
    "frames_per_video_test": 32,
    "clip_size": null,
    "elapsed_time": 12.987271547317505,
    "frame_auc": 0.9650961947278913,
    "video_auc": 0.979875283446712,
    "frame_auc_pr": 0.9683025711604407,
    "video_auc_pr": 0.9808672624459144
}