{
    "model_name": "xception",
    "test_dataset": "FSAll_cdf",
    "train_dataset": "train_on_df40-all-ff",
    "frames_per_video_test": 32,
    "clip_size": null,
    "elapsed_time": 452.56692242622375,
    "frame_auc": 0.7545956112768171,
    "video_auc": 0.8306464429635403,
    "frame_auc_pr": 0.8843385847172358,
    "video_auc_pr": 0.9902199728091217
}