{
    "model_name": "recce",
    "test_dataset": "ConfDF_norm_v2_th-ob",
    "train_dataset": "train_on_df40-fr-ff",
    "frames_per_video_test": 32,
    "clip_size": null,
    "elapsed_time": 3.789060354232788,
    "frame_auc": 0.6888574218750001,
    "video_auc": 0.78,
    "frame_auc_pr": 0.6515482695519519,
    "video_auc_pr": 0.7442704517704516
}