{
    "model_name": "rfm",
    "test_dataset": "FRAll_cdf",
    "train_dataset": "train_on_df40-fs-ff",
    "frames_per_video_test": 32,
    "clip_size": null,
    "elapsed_time": 666.4493725299835,
    "frame_auc": 0.6368246717661974,
    "video_auc": 0.6707167440313507,
    "frame_auc_pr": 0.8567242352541667,
    "video_auc_pr": 0.9887369230377258
}