{
    "model_name": "spsl",
    "test_dataset": "FSAll_cdf",
    "train_dataset": "train_on_df40-fs-ff",
    "frames_per_video_test": 32,
    "clip_size": null,
    "elapsed_time": 453.01354718208313,
    "frame_auc": 0.9376198737069196,
    "video_auc": 0.9736125957646916,
    "frame_auc_pr": 0.9782701668012863,
    "video_auc_pr": 0.9990380563722391
}