{
    "model_name": "xception",
    "test_dataset": "ConfDF_norm_v2_th-bb",
    "train_dataset": "train_on_df40-all-ff",
    "frames_per_video_test": 32,
    "clip_size": null,
    "elapsed_time": 2.1828017234802246,
    "frame_auc": 0.8899943033854166,
    "video_auc": 0.9236111111111112,
    "frame_auc_pr": 0.9037593812901357,
    "video_auc_pr": 0.9337454212454213
}