{
    "model_name": "clip_large",
    "test_dataset": "ConfDF_norm_v2_all",
    "train_dataset": "train_on_df40-fs-ff",
    "frames_per_video_test": 8,
    "clip_size": null,
    "elapsed_time": 12.696465730667114,
    "frame_auc": 0.9658092403628118,
    "video_auc": 0.9674036281179138,
    "frame_auc_pr": 0.9739436404681232,
    "video_auc_pr": 0.9758692548326695
}