{
    "model_name": "i3d",
    "test_dataset": "ConfDF_norm_v2_all",
    "train_dataset": "train_on_df40-fr-ff",
    "frames_per_video_test": 32,
    "clip_size": 32,
    "elapsed_time": 4.725936412811279,
    "frame_auc": 0.5623477786176199,
    "video_auc": 0.5751133786848073,
    "frame_auc_pr": 0.5478165804340049,
    "video_auc_pr": 0.5560588526379779
}