{
    "model_name": "xception",
    "test_dataset": "FRAll_cdf",
    "train_dataset": "train_on_df40-all-ff",
    "frames_per_video_test": 32,
    "clip_size": null,
    "elapsed_time": 664.7949254512787,
    "frame_auc": 0.8203263718870605,
    "video_auc": 0.8469404798056483,
    "frame_auc_pr": 0.9342825978862912,
    "video_auc_pr": 0.9952216179618233
}