{
    "model_name": "ucf",
    "test_dataset": "FRAll_cdf",
    "train_dataset": "train_on_ff-orig",
    "frames_per_video_test": 32,
    "clip_size": null,
    "elapsed_time": 1184.0032262802124,
    "frame_auc": 0.676301504848731,
    "video_auc": 0.7044329240958455,
    "frame_auc_pr": 0.8773070876787827,
    "video_auc_pr": 0.9901758420765252
}