{
    "model_name": "spsl",
    "test_dataset": "FRAll_cdf",
    "train_dataset": "train_on_ff-orig",
    "frames_per_video_test": 32,
    "clip_size": null,
    "elapsed_time": 670.0397043228149,
    "frame_auc": 0.6473038882884752,
    "video_auc": 0.7031300160513643,
    "frame_auc_pr": 0.8500270470832803,
    "video_auc_pr": 0.9896850249268128
}