{
    "model_name": "i3d",
    "test_dataset": "ConfDF_norm_v2_th-m",
    "train_dataset": "train_on_df40-fr-ff",
    "frames_per_video_test": 32,
    "clip_size": 16,
    "elapsed_time": 2.0025126934051514,
    "frame_auc": 0.5650000000000001,
    "video_auc": 0.5650000000000001,
    "frame_auc_pr": 0.62252044816325,
    "video_auc_pr": 0.62252044816325
}