{
    "model_name": "i3d",
    "test_dataset": "ConfDF_norm_v2_th-m",
    "train_dataset": "train_on_df40-fr-ff",
    "frames_per_video_test": 32,
    "clip_size": 32,
    "elapsed_time": 2.1555702686309814,
    "frame_auc": 0.5682098765432099,
    "video_auc": 0.59,
    "frame_auc_pr": 0.5883173331789859,
    "video_auc_pr": 0.6426884175336187
}