{
    "model_name": "clip_large",
    "test_dataset": "FSAll_cdf",
    "train_dataset": "train_on_df40-fs-ff",
    "frames_per_video_test": 8,
    "clip_size": null,
    "elapsed_time": 963.8502013683319,
    "frame_auc": 0.9741458297059387,
    "video_auc": 0.9830279603508596,
    "frame_auc_pr": 0.9920542288427121,
    "video_auc_pr": 0.9993970531945031
}