{
    "model_name": "xception",
    "test_dataset": "ConfDF_norm_v2_th-m",
    "train_dataset": "train_on_df40-fr-ff",
    "frames_per_video_test": 32,
    "clip_size": null,
    "elapsed_time": 1.8838691711425781,
    "frame_auc": 0.7361523437499999,
    "video_auc": 0.75,
    "frame_auc_pr": 0.758005387439237,
    "video_auc_pr": 0.8371112169564182
}