{
    "model_name": "clip_base",
    "test_dataset": "FRAll_cdf",
    "train_dataset": "train_on_df40-fr-ff",
    "frames_per_video_test": 32,
    "clip_size": null,
    "elapsed_time": 1322.3880815505981,
    "frame_auc": 0.9328802726088566,
    "video_auc": 0.950935606553584,
    "frame_auc_pr": 0.9808707877353117,
    "video_auc_pr": 0.998782363984456
}