{
    "model_name": "i3d",
    "test_dataset": "EFSAll_cdf",
    "train_dataset": "train_on_df40-all-ff",
    "frames_per_video_test": 32,
    "clip_size": 16,
    "elapsed_time": 418.2346796989441,
    "frame_auc": 0.4896494913440245,
    "video_auc": 0.4896494913440245,
    "frame_auc_pr": 0.7836259148743103,
    "video_auc_pr": 0.7836259148743103
}