{
    "model_name": "meso4incep",
    "test_dataset": "ConfDF_norm_v2_th-m",
    "train_dataset": "train_on_ff-orig",
    "frames_per_video_test": 32,
    "clip_size": null,
    "elapsed_time": 1.4766454696655273,
    "frame_auc": 0.633203125,
    "video_auc": 0.6900000000000001,
    "frame_auc_pr": 0.661099700720166,
    "video_auc_pr": 0.7277877677877678
}