{
    "model_name": "efficientnetb4",
    "test_dataset": "FRAll_cdf",
    "train_dataset": "train_on_ff-orig",
    "frames_per_video_test": 32,
    "clip_size": null,
    "elapsed_time": 1059.2824506759644,
    "frame_auc": 0.6819802828642669,
    "video_auc": 0.717727719694012,
    "frame_auc_pr": 0.8702456704215099,
    "video_auc_pr": 0.9904835545486894
}