{
    "model_name": "i3d",
    "test_dataset": "ConfDF_norm_v2_th-ob",
    "train_dataset": "train_on_df40-fr-ff",
    "frames_per_video_test": 32,
    "clip_size": 32,
    "elapsed_time": 1.9190027713775635,
    "frame_auc": 0.537283950617284,
    "video_auc": 0.5499999999999999,
    "frame_auc_pr": 0.5497410477455438,
    "video_auc_pr": 0.5838327848621966
}