{
    "model_name": "xception",
    "test_dataset": "FSAll_cdf",
    "train_dataset": "train_on_df40-fs-ff",
    "frames_per_video_test": 32,
    "clip_size": null,
    "elapsed_time": 454.1201102733612,
    "frame_auc": 0.9222333179799989,
    "video_auc": 0.9620462674901868,
    "frame_auc_pr": 0.9718832392731781,
    "video_auc_pr": 0.998562288987163
}