{
    "model_name": "xception",
    "test_dataset": "ConfDF_norm_v2_th-ob",
    "train_dataset": "train_on_df40-fr-ff",
    "frames_per_video_test": 32,
    "clip_size": null,
    "elapsed_time": 1.901031255722046,
    "frame_auc": 0.743115234375,
    "video_auc": 0.8700000000000001,
    "frame_auc_pr": 0.6833517120706496,
    "video_auc_pr": 0.778531746031746
}