{
    "model_name": "xception",
    "test_dataset": "EFSAll_cdf",
    "train_dataset": "train_on_df40-all-ff",
    "frames_per_video_test": 32,
    "clip_size": null,
    "elapsed_time": 687.5478057861328,
    "frame_auc": 0.6722486048120591,
    "video_auc": 0.5817643486182812,
    "frame_auc_pr": 0.8872305800096538,
    "video_auc_pr": 0.973139400259762
}