{
    "model_name": "clip_large",
    "test_dataset": "ConfDF_norm_v2_th-bb",
    "train_dataset": "train_on_df40-all-ff",
    "frames_per_video_test": 8,
    "clip_size": null,
    "elapsed_time": 4.195173501968384,
    "frame_auc": 0.9639756944444444,
    "video_auc": 0.9513888888888888,
    "frame_auc_pr": 0.9544050663808223,
    "video_auc_pr": 0.9391555204055204
}