{
    "model_name": "efficientnetb4",
    "test_dataset": "ConfDF_norm_v2_all",
    "train_dataset": "train_on_ff-orig",
    "frames_per_video_test": 32,
    "clip_size": null,
    "elapsed_time": 10.008595705032349,
    "frame_auc": 0.9305810214710885,
    "video_auc": 0.9472789115646258,
    "frame_auc_pr": 0.923735623835807,
    "video_auc_pr": 0.9502280209111755
}