{
    "model_name": "efficientnetb4",
    "test_dataset": "FSAll_cdf",
    "train_dataset": "train_on_ff-orig",
    "frames_per_video_test": 32,
    "clip_size": null,
    "elapsed_time": 727.1478180885315,
    "frame_auc": 0.7031134214109924,
    "video_auc": 0.732565328990767,
    "frame_auc_pr": 0.8886288631484137,
    "video_auc_pr": 0.9877478510816574
}