{
    "model_name": "srm",
    "test_dataset": "ConfDF_norm_v2_all",
    "train_dataset": "train_on_df40-fs-ff",
    "frames_per_video_test": 32,
    "clip_size": null,
    "elapsed_time": 14.872721910476685,
    "frame_auc": 0.8311587655895691,
    "video_auc": 0.8585600907029478,
    "frame_auc_pr": 0.8323298924696944,
    "video_auc_pr": 0.8539450162556612
}