{
    "model_name": "effort",
    "test_dataset": "FRAll_cdf",
    "train_dataset": "train_on_ff-orig",
    "frames_per_video_test": 8,
    "clip_size": null,
    "elapsed_time": 1408.5216147899628,
    "frame_auc": 0.6830950332783575,
    "video_auc": 0.7091254175523838,
    "frame_auc_pr": 0.8885682575454066,
    "video_auc_pr": 0.9905365381253458
}