{
    "model_name": "rfm",
    "test_dataset": "ConfDF_norm_v2_th-bb",
    "train_dataset": "train_on_df40-fs-ff",
    "frames_per_video_test": 32,
    "clip_size": null,
    "elapsed_time": 2.5036814212799072,
    "frame_auc": 0.9726969401041667,
    "video_auc": 0.9930555555555555,
    "frame_auc_pr": 0.9756297505168644,
    "video_auc_pr": 0.9935897435897436
}