{
    "model_name": "clip_base",
    "test_dataset": "ConfDF_norm_v2_th-bb",
    "train_dataset": "train_on_df40-all-ff",
    "frames_per_video_test": 32,
    "clip_size": null,
    "elapsed_time": 4.084963321685791,
    "frame_auc": 0.9723341200086806,
    "video_auc": 0.9791666666666666,
    "frame_auc_pr": 0.9700969560592997,
    "video_auc_pr": 0.9790695415695415
}