{
    "model_name": "srm",
    "test_dataset": "FSAll_cdf",
    "train_dataset": "train_on_df40-fr-ff",
    "frames_per_video_test": 32,
    "clip_size": null,
    "elapsed_time": 1097.6697614192963,
    "frame_auc": 0.45051193460207284,
    "video_auc": 0.4465753305365,
    "frame_auc_pr": 0.7240270274910542,
    "video_auc_pr": 0.958592397994237
}