{
    "model_name": "f3net",
    "test_dataset": "FSAll_cdf",
    "train_dataset": "train_on_ff-orig",
    "frames_per_video_test": 32,
    "clip_size": null,
    "elapsed_time": 473.9717478752136,
    "frame_auc": 0.6853764489981637,
    "video_auc": 0.7089841921585618,
    "frame_auc_pr": 0.8800744441247035,
    "video_auc_pr": 0.9864203797580684
}