{
    "model_name": "core",
    "test_dataset": "ConfDF_norm_v2_all",
    "train_dataset": "train_on_ff-orig",
    "frames_per_video_test": 32,
    "clip_size": null,
    "elapsed_time": 6.578731536865234,
    "frame_auc": 0.9719681166737529,
    "video_auc": 0.985827664399093,
    "frame_auc_pr": 0.9764543354297816,
    "video_auc_pr": 0.9887312122549032
}