{
    "model_name": "meso4",
    "test_dataset": "ConfDF_norm_v2_th-bb",
    "train_dataset": "train_on_ff-orig",
    "frames_per_video_test": 32,
    "clip_size": null,
    "elapsed_time": 1.3561668395996094,
    "frame_auc": 0.5162353515625,
    "video_auc": 0.5069444444444444,
    "frame_auc_pr": 0.49043926598236115,
    "video_auc_pr": 0.5193523824480212
}