{
    "model_name": "clip_large",
    "test_dataset": "FSAll_cdf",
    "train_dataset": "train_on_df40-all-ff",
    "frames_per_video_test": 8,
    "clip_size": null,
    "elapsed_time": 964.2941901683807,
    "frame_auc": 0.9423230268884685,
    "video_auc": 0.9519026667160141,
    "frame_auc_pr": 0.9792531650026077,
    "video_auc_pr": 0.9979702857637277
}