{
    "model_name": "srm",
    "test_dataset": "ConfDF_norm_v2_th-bb",
    "train_dataset": "train_on_df40-fr-ff",
    "frames_per_video_test": 32,
    "clip_size": null,
    "elapsed_time": 4.933057069778442,
    "frame_auc": 0.8357408311631944,
    "video_auc": 0.8888888888888888,
    "frame_auc_pr": 0.8259031559085296,
    "video_auc_pr": 0.8689576627076627
}