{
    "model_name": "capsule_net",
    "test_dataset": "ConfDF_norm_v2_all",
    "train_dataset": "train_on_ff-orig",
    "frames_per_video_test": 32,
    "clip_size": null,
    "elapsed_time": 9.009518146514893,
    "frame_auc": 0.8168286520337302,
    "video_auc": 0.8151927437641723,
    "frame_auc_pr": 0.8324528307182443,
    "video_auc_pr": 0.8456331755122263
}