{
    "model_name": "rfm",
    "test_dataset": "ConfDF_norm_v2_th",
    "train_dataset": "train_on_df40-fs-ff",
    "frames_per_video_test": 32,
    "clip_size": null,
    "elapsed_time": 2.319643020629883,
    "frame_auc": 0.9030126953125,
    "video_auc": 0.9600000000000001,
    "frame_auc_pr": 0.8842043126573564,
    "video_auc_pr": 0.9622222222222222
}