{
    "model_name": "clip_base",
    "test_dataset": "ConfDF_norm_v2_th",
    "train_dataset": "train_on_df40-fs-ff",
    "frames_per_video_test": 32,
    "clip_size": null,
    "elapsed_time": 3.529914379119873,
    "frame_auc": 0.9626269531249999,
    "video_auc": 0.99,
    "frame_auc_pr": 0.9659273571889446,
    "video_auc_pr": 0.9909090909090909
}