{
    "model_name": "srm",
    "test_dataset": "ConfDF_norm_v2_all",
    "train_dataset": "train_on_ff-orig",
    "frames_per_video_test": 32,
    "clip_size": null,
    "elapsed_time": 14.861652851104736,
    "frame_auc": 0.9522165311437074,
    "video_auc": 0.9640022675736961,
    "frame_auc_pr": 0.9569221234390104,
    "video_auc_pr": 0.9680139168760821
}