{
    "model_name": "meso4",
    "test_dataset": "ConfDF_norm_v2_all",
    "train_dataset": "train_on_ff-orig",
    "frames_per_video_test": 32,
    "clip_size": null,
    "elapsed_time": 2.5403263568878174,
    "frame_auc": 0.5302189072243481,
    "video_auc": 0.5391156462585034,
    "frame_auc_pr": 0.5065378522760875,
    "video_auc_pr": 0.5191500763674131
}