{
    "model_name": "i3d",
    "test_dataset": "FRAll_cdf",
    "train_dataset": "train_on_df40-fs-ff",
    "frames_per_video_test": 32,
    "clip_size": 32,
    "elapsed_time": 345.22558784484863,
    "frame_auc": 0.8355253405388587,
    "video_auc": 0.8471594552388314,
    "frame_auc_pr": 0.9326736378601707,
    "video_auc_pr": 0.9390009427288384
}