{
    "model_name": "rfm",
    "test_dataset": "ConfDF_norm_v2_all",
    "train_dataset": "train_on_df40-fs-ff",
    "frames_per_video_test": 32,
    "clip_size": null,
    "elapsed_time": 6.50025200843811,
    "frame_auc": 0.887557187588577,
    "video_auc": 0.9067460317460316,
    "frame_auc_pr": 0.8956215713966003,
    "video_auc_pr": 0.9096861574338014
}