{
    "model_name": "clip_large",
    "test_dataset": "FRAll_cdf",
    "train_dataset": "train_on_df40-all-ff",
    "frames_per_video_test": 8,
    "clip_size": null,
    "elapsed_time": 1418.057166814804,
    "frame_auc": 0.8956935020789453,
    "video_auc": 0.9263726808670629,
    "frame_auc_pr": 0.9535618027383996,
    "video_auc_pr": 0.997058452963177
}