{
    "model_name": "xception",
    "test_dataset": "ConfDF_norm_v2_th-bb",
    "train_dataset": "train_on_df40-fr-ff",
    "frames_per_video_test": 32,
    "clip_size": null,
    "elapsed_time": 2.1642143726348877,
    "frame_auc": 0.7677544487847221,
    "video_auc": 0.8333333333333334,
    "frame_auc_pr": 0.7573158231115689,
    "video_auc_pr": 0.8068935693935695
}