{
    "model_name": "i3d",
    "test_dataset": "ConfDF_norm_v2_th-bb",
    "train_dataset": "train_on_df40-fs-ff",
    "frames_per_video_test": 32,
    "clip_size": 16,
    "elapsed_time": 2.0026779174804688,
    "frame_auc": 0.9131944444444444,
    "video_auc": 0.9131944444444444,
    "frame_auc_pr": 0.9111248980741287,
    "video_auc_pr": 0.9111248980741287
}