{
    "model_name": "i3d",
    "test_dataset": "ConfDF_norm_v2_th-bb",
    "train_dataset": "train_on_df40-fs-ff",
    "frames_per_video_test": 32,
    "clip_size": 32,
    "elapsed_time": 2.250875949859619,
    "frame_auc": 0.6988168724279835,
    "video_auc": 0.8055555555555556,
    "frame_auc_pr": 0.672594134973014,
    "video_auc_pr": 0.7342745217745217
}