{
    "model_name": "spsl",
    "test_dataset": "ConfDF_norm_v2_th-ob",
    "train_dataset": "train_on_ff-orig",
    "frames_per_video_test": 32,
    "clip_size": null,
    "elapsed_time": 2.3165199756622314,
    "frame_auc": 0.945048828125,
    "video_auc": 0.9400000000000001,
    "frame_auc_pr": 0.9593582455320884,
    "video_auc_pr": 0.9625
}