{
    "model_name": "spsl",
    "test_dataset": "FRAll_cdf",
    "train_dataset": "train_on_df40-fr-ff",
    "frames_per_video_test": 32,
    "clip_size": null,
    "elapsed_time": 661.85329246521,
    "frame_auc": 0.8460446262716924,
    "video_auc": 0.8867258108831142,
    "frame_auc_pr": 0.9469867907426475,
    "video_auc_pr": 0.9968540421269775
}