{
    "model_name": "capsule_net",
    "test_dataset": "FSAll_cdf",
    "train_dataset": "train_on_ff-orig",
    "frames_per_video_test": 32,
    "clip_size": null,
    "elapsed_time": 644.6145253181458,
    "frame_auc": 0.6261056498572478,
    "video_auc": 0.6517844507967057,
    "frame_auc_pr": 0.8440510275582462,
    "video_auc_pr": 0.9824555598884651
}