{
    "model_name": "f3net",
    "test_dataset": "ConfDF_norm_v2_all",
    "train_dataset": "train_on_ff-orig",
    "frames_per_video_test": 32,
    "clip_size": null,
    "elapsed_time": 7.247903108596802,
    "frame_auc": 0.9302408300559807,
    "video_auc": 0.9520975056689343,
    "frame_auc_pr": 0.9347902491347967,
    "video_auc_pr": 0.9533732259942388
}