{
    "model_name": "meso4",
    "test_dataset": "FRAll_cdf",
    "train_dataset": "train_on_ff-orig",
    "frames_per_video_test": 32,
    "clip_size": null,
    "elapsed_time": 205.9928493499756,
    "frame_auc": 0.46711654566466687,
    "video_auc": 0.4614637109019132,
    "frame_auc_pr": 0.764156899070506,
    "video_auc_pr": 0.9755211965213002
}