{
    "model_name": "clip_base",
    "test_dataset": "ConfDF_norm_v2_all",
    "train_dataset": "train_on_df40-fs-ff",
    "frames_per_video_test": 32,
    "clip_size": null,
    "elapsed_time": 12.106634140014648,
    "frame_auc": 0.9402254065688775,
    "video_auc": 0.9560657596371882,
    "frame_auc_pr": 0.9480670039717749,
    "video_auc_pr": 0.9604920080856046
}