{
    "model_name": "clip_large",
    "test_dataset": "ConfDF_norm_v2_all",
    "train_dataset": "train_on_df40-all-ff",
    "frames_per_video_test": 8,
    "clip_size": null,
    "elapsed_time": 12.7013680934906,
    "frame_auc": 0.9393955498866213,
    "video_auc": 0.9430272108843538,
    "frame_auc_pr": 0.9370525826014162,
    "video_auc_pr": 0.9390980116033214
}