{
    "model_name": "xception",
    "test_dataset": "ConfDF_norm_v2_all",
    "train_dataset": "train_on_df40-fs-ff",
    "frames_per_video_test": 32,
    "clip_size": null,
    "elapsed_time": 6.294134616851807,
    "frame_auc": 0.8415909332482994,
    "video_auc": 0.8568594104308389,
    "frame_auc_pr": 0.8438262402330887,
    "video_auc_pr": 0.8732366523872738
}