{
    "model_name": "srm",
    "test_dataset": "FRAll_cdf",
    "train_dataset": "train_on_df40-fr-ff",
    "frames_per_video_test": 32,
    "clip_size": null,
    "elapsed_time": 1581.1512339115143,
    "frame_auc": 0.8621714127945949,
    "video_auc": 0.8918947840296156,
    "frame_auc_pr": 0.9574991242171862,
    "video_auc_pr": 0.9970110637775504
}