{
    "model_name": "i3d",
    "test_dataset": "FRAll_cdf",
    "train_dataset": "train_on_df40-all-ff",
    "frames_per_video_test": 32,
    "clip_size": 32,
    "elapsed_time": 348.2692732810974,
    "frame_auc": 0.9448947713651408,
    "video_auc": 0.9533995416348358,
    "frame_auc_pr": 0.9820749598033169,
    "video_auc_pr": 0.9850390467358687
}