{
    "model_name": "clip_base",
    "test_dataset": "ConfDF_norm_v2_th-bb",
    "train_dataset": "train_on_df40-fs-ff",
    "frames_per_video_test": 32,
    "clip_size": null,
    "elapsed_time": 4.068728685379028,
    "frame_auc": 0.9692450629340278,
    "video_auc": 0.9791666666666666,
    "frame_auc_pr": 0.9729287411820117,
    "video_auc_pr": 0.9790695415695415
}