{
    "model_name": "xception",
    "test_dataset": "ConfDF_norm_v2_all",
    "train_dataset": "train_on_ff-orig",
    "frames_per_video_test": 32,
    "clip_size": null,
    "elapsed_time": 6.329092264175415,
    "frame_auc": 0.9564745983028627,
    "video_auc": 0.973922902494331,
    "frame_auc_pr": 0.9552903573507656,
    "video_auc_pr": 0.9754285615559657
}