{
    "model_name": "meso4incep",
    "test_dataset": "ConfDF_norm_v2_all",
    "train_dataset": "train_on_ff-orig",
    "frames_per_video_test": 32,
    "clip_size": null,
    "elapsed_time": 2.8192436695098877,
    "frame_auc": 0.6620969188456631,
    "video_auc": 0.6867913832199547,
    "frame_auc_pr": 0.6738519242622725,
    "video_auc_pr": 0.6979735564497201
}