{
    "model_name": "f3net",
    "test_dataset": "ConfDF_norm_v2_th-ob",
    "train_dataset": "train_on_ff-orig",
    "frames_per_video_test": 32,
    "clip_size": null,
    "elapsed_time": 2.662574529647827,
    "frame_auc": 0.9523632812499999,
    "video_auc": 0.9700000000000001,
    "frame_auc_pr": 0.9575872344637751,
    "video_auc_pr": 0.9733333333333333
}