{
    "model_name": "ucf",
    "test_dataset": "ConfDF_norm_v2_th-bb",
    "train_dataset": "train_on_ff-orig",
    "frames_per_video_test": 32,
    "clip_size": null,
    "elapsed_time": 3.8499765396118164,
    "frame_auc": 0.9810519748263888,
    "video_auc": 0.9930555555555555,
    "frame_auc_pr": 0.9845358953166656,
    "video_auc_pr": 0.9935897435897435
}