{
    "model_name": "rfm",
    "test_dataset": "ConfDF_norm_v2_th-m",
    "train_dataset": "train_on_df40-fr-ff",
    "frames_per_video_test": 32,
    "clip_size": null,
    "elapsed_time": 2.2354817390441895,
    "frame_auc": 0.642294921875,
    "video_auc": 0.6799999999999999,
    "frame_auc_pr": 0.6397922228710833,
    "video_auc_pr": 0.7620537305831423
}