{
    "model_name": "xception",
    "test_dataset": "ConfDF_norm_v2_th-m",
    "train_dataset": "train_on_df40-all-ff",
    "frames_per_video_test": 32,
    "clip_size": null,
    "elapsed_time": 1.8851919174194336,
    "frame_auc": 0.85451171875,
    "video_auc": 0.8700000000000001,
    "frame_auc_pr": 0.8625738049142978,
    "video_auc_pr": 0.8860782191664544
}