{
    "model_name": "clip_base",
    "test_dataset": "FSAll_cdf",
    "train_dataset": "train_on_df40-fs-ff",
    "frames_per_video_test": 32,
    "clip_size": null,
    "elapsed_time": 910.9021239280701,
    "frame_auc": 0.9673818214240248,
    "video_auc": 0.977903637697598,
    "frame_auc_pr": 0.9899510299320979,
    "video_auc_pr": 0.999185770950443
}