{
    "model_name": "i3d",
    "test_dataset": "ConfDF_norm_v2_th-m",
    "train_dataset": "train_on_df40-all-ff",
    "frames_per_video_test": 32,
    "clip_size": 32,
    "elapsed_time": 2.1181960105895996,
    "frame_auc": 0.5524691358024693,
    "video_auc": 0.53,
    "frame_auc_pr": 0.5514793348501703,
    "video_auc_pr": 0.637902886587097
}