{
    "model_name": "spsl",
    "test_dataset": "ConfDF_norm_v2_all",
    "train_dataset": "train_on_df40-fr-ff",
    "frames_per_video_test": 32,
    "clip_size": null,
    "elapsed_time": 6.552192687988281,
    "frame_auc": 0.6229195454223355,
    "video_auc": 0.6442743764172335,
    "frame_auc_pr": 0.6121499710645165,
    "video_auc_pr": 0.6399909032185502
}