{
    "model_name": "efficientnetb4",
    "test_dataset": "ConfDF_norm_v2_th-bb",
    "train_dataset": "train_on_ff-orig",
    "frames_per_video_test": 32,
    "clip_size": null,
    "elapsed_time": 3.5129244327545166,
    "frame_auc": 0.95159912109375,
    "video_auc": 0.9583333333333334,
    "frame_auc_pr": 0.9630050506278822,
    "video_auc_pr": 0.9654761904761904
}