{
    "model_name": "rfm",
    "test_dataset": "ConfDF_norm_v2_th-ob",
    "train_dataset": "train_on_df40-fs-ff",
    "frames_per_video_test": 32,
    "clip_size": null,
    "elapsed_time": 2.304002285003662,
    "frame_auc": 0.8183203124999999,
    "video_auc": 0.8,
    "frame_auc_pr": 0.7978218606771654,
    "video_auc_pr": 0.7643939393939393
}