{
    "model_name": "i3d",
    "test_dataset": "ConfDF_norm_v2_all",
    "train_dataset": "train_on_df40-fs-ff",
    "frames_per_video_test": 32,
    "clip_size": 32,
    "elapsed_time": 4.729095935821533,
    "frame_auc": 0.6742847344699197,
    "video_auc": 0.8092403628117913,
    "frame_auc_pr": 0.6931080585703073,
    "video_auc_pr": 0.7693851365402518
}