{
    "model_name": "spsl",
    "test_dataset": "FRAll_cdf",
    "train_dataset": "train_on_df40-fs-ff",
    "frames_per_video_test": 32,
    "clip_size": null,
    "elapsed_time": 670.5595479011536,
    "frame_auc": 0.6562721410730693,
    "video_auc": 0.6969777160788396,
    "frame_auc_pr": 0.8654743429051831,
    "video_auc_pr": 0.9902949193021326
}