{
    "model_name": "i3d",
    "test_dataset": "FSAll_cdf",
    "train_dataset": "train_on_df40-all-ff",
    "frames_per_video_test": 32,
    "clip_size": 32,
    "elapsed_time": 252.2105634212494,
    "frame_auc": 0.9043474864980023,
    "video_auc": 0.913533558270893,
    "frame_auc_pr": 0.9674886163298324,
    "video_auc_pr": 0.9705879353637777
}