{
    "model_name": "meso4incep",
    "test_dataset": "FSAll_cdf",
    "train_dataset": "train_on_ff-orig",
    "frames_per_video_test": 32,
    "clip_size": null,
    "elapsed_time": 142.52051258087158,
    "frame_auc": 0.5797011613383584,
    "video_auc": 0.6022110513379298,
    "frame_auc_pr": 0.8159416721684946,
    "video_auc_pr": 0.9776218119102067
}