{
    "model_name": "recce",
    "test_dataset": "ConfDF_norm_v2_th-m",
    "train_dataset": "train_on_df40-fr-ff",
    "frames_per_video_test": 32,
    "clip_size": null,
    "elapsed_time": 3.8498551845550537,
    "frame_auc": 0.6845410156249999,
    "video_auc": 0.73,
    "frame_auc_pr": 0.7046630694936753,
    "video_auc_pr": 0.7912870411322424
}