{
    "model_name": "i3d",
    "test_dataset": "ConfDF_norm_v2_th-bb",
    "train_dataset": "train_on_df40-fr-ff",
    "frames_per_video_test": 32,
    "clip_size": 16,
    "elapsed_time": 2.0107686519622803,
    "frame_auc": 0.6050347222222222,
    "video_auc": 0.6050347222222222,
    "frame_auc_pr": 0.5739117370448249,
    "video_auc_pr": 0.5739117370448249
}