{
    "model_name": "spsl",
    "test_dataset": "ConfDF_norm_v2_th",
    "train_dataset": "train_on_df40-fs-ff",
    "frames_per_video_test": 32,
    "clip_size": null,
    "elapsed_time": 2.2783050537109375,
    "frame_auc": 0.79189453125,
    "video_auc": 0.8799999999999999,
    "frame_auc_pr": 0.842634941110449,
    "video_auc_pr": 0.923338649654439
}