{
    "model_name": "ucf",
    "test_dataset": "ConfDF_norm_v2_th-m",
    "train_dataset": "train_on_ff-orig",
    "frames_per_video_test": 32,
    "clip_size": null,
    "elapsed_time": 3.316838502883911,
    "frame_auc": 0.9493652343749999,
    "video_auc": 0.9600000000000001,
    "frame_auc_pr": 0.9472510016444438,
    "video_auc_pr": 0.9622222222222222
}