{
    "model_name": "clip_base",
    "test_dataset": "ConfDF_norm_v2_th",
    "train_dataset": "train_on_df40-fr-ff",
    "frames_per_video_test": 32,
    "clip_size": null,
    "elapsed_time": 3.4388372898101807,
    "frame_auc": 0.798583984375,
    "video_auc": 0.8700000000000001,
    "frame_auc_pr": 0.8235070848664252,
    "video_auc_pr": 0.8938339438339438
}