{
    "model_name": "recce",
    "test_dataset": "ConfDF_norm_v2_th-bb",
    "train_dataset": "train_on_df40-fr-ff",
    "frames_per_video_test": 32,
    "clip_size": null,
    "elapsed_time": 4.369865894317627,
    "frame_auc": 0.8087090386284722,
    "video_auc": 0.9027777777777778,
    "frame_auc_pr": 0.8005942871658915,
    "video_auc_pr": 0.8632647445147444
}