{
    "model_name": "rfm",
    "test_dataset": "ConfDF_norm_v2_all",
    "train_dataset": "train_on_df40-fr-ff",
    "frames_per_video_test": 32,
    "clip_size": null,
    "elapsed_time": 6.541397571563721,
    "frame_auc": 0.6684819435586735,
    "video_auc": 0.6731859410430838,
    "frame_auc_pr": 0.6514911897309235,
    "video_auc_pr": 0.6543197630579423
}