{
    "model_name": "clip_base",
    "test_dataset": "ConfDF_norm_v2_th-bb",
    "train_dataset": "train_on_df40-fr-ff",
    "frames_per_video_test": 32,
    "clip_size": null,
    "elapsed_time": 4.132552146911621,
    "frame_auc": 0.8815850151909723,
    "video_auc": 0.9027777777777777,
    "frame_auc_pr": 0.8878564473081885,
    "video_auc_pr": 0.9119259825142179
}