{
    "model_name": "meso4incep",
    "test_dataset": "ConfDF_norm_v2_th-bb",
    "train_dataset": "train_on_ff-orig",
    "frames_per_video_test": 32,
    "clip_size": null,
    "elapsed_time": 1.413060188293457,
    "frame_auc": 0.6187744140624999,
    "video_auc": 0.625,
    "frame_auc_pr": 0.6512458171383442,
    "video_auc_pr": 0.6504716287611024
}