{
    "model_name": "i3d",
    "test_dataset": "ConfDF_norm_v2_th-ob",
    "train_dataset": "train_on_df40-fs-ff",
    "frames_per_video_test": 32,
    "clip_size": 32,
    "elapsed_time": 2.0046422481536865,
    "frame_auc": 0.678641975308642,
    "video_auc": 0.79,
    "frame_auc_pr": 0.6660338941829055,
    "video_auc_pr": 0.7770378151260503
}