{
    "model_name": "i3d",
    "test_dataset": "ConfDF_norm_v2_th",
    "train_dataset": "train_on_df40-all-ff",
    "frames_per_video_test": 32,
    "clip_size": 16,
    "elapsed_time": 3.6258797645568848,
    "frame_auc": 0.5425,
    "video_auc": 0.5425,
    "frame_auc_pr": 0.5508905799427948,
    "video_auc_pr": 0.5508905799427948
}